,name,height,weight,bmi
0,Vishnu,1.67,55,19.721036967980208
1,Batman,1.9,43,11.911357340720222
2,Heman,0.25,88,1408.0
